Species,Guild
Piceng,a
Pincon,a
Psemen,a
Arcuva,b
Artlud,b
Arttri,b
Juncom,b
Picpun,b
Potgra,b
Rhorho,b
Actrub,c
Clelig,c
Pyrasa,c
Pyrmin,c
Ribaur,c
Rubida,c
Rubpar,c
Vacsco,c
Aceneg,d
Artcan,d
Mahrep,d
Purtri,d
Roswoo,d
Vacces,d
Betgla,e
Loninv,e
Popang,e
Pruvir,e
Salexi,e
Salpla,e
Salbra,e
Saldru,e
Salgey,e
Sall.c,e
Sall.l,e
Salmon,e
Salwol,e
Ribine,f
Riblac,f
Alninc,g
Amealn,g
Elygla,i
Equarv,i
Equhye,i
Corser,j
Daifru,j
Acocol,k
Agrsto,k
Antcor,k
Argans,k
Calcan,k
Callep,k
Calrub,k
Caraqu,k
Carcor,k
Carmic,k
Carpel,k
Carpra,k
Carutr,k
Chaang,k
Dodpul,k
Elepal,k
Elyrep,k
Epicil,k
Galtr2,k
Junarc,k
Junens,k
Ligten,k
Luzcom,k
Luzpar,k
Menarv,k
Mimgut,k
Parfim,k
Pedgro,k
Pergai,k
Phaaru,k
Poapal,k
Polamp,k
Polbis,k
Polviv,k
Pruvul,k
Rancym,k
Saxodo,k
Scimic,k
Sentri,k
Spirom,k
Trirep,k
Veranaqu,k
Eriumb,l
Achlet,m
Achmil,m
Agogla,m
Anamar,m
Antros,m
Arncor,m
Broine,m
CARGEY,m
Cirarv,m
Dacglo,m
Desces,m
ELYCAN,m
Elytra,m
Fesari,m
Fesida,m
FRAVES,m
Galbor,m
Gercae,m
Gerric,m
HELUNI,m
Leuvul,m
Luparg,m
Lupcau,m
Medlup,m
Melbul,m
Mercil,m
Muhrac,m
Passmi,m
Penryd,m
Phlalp,m
Phlpra,m
Plamaj,m
Poacom,m
Poafen,m
Poapra,m
Poasec,m
Potpul,m
Solcan,m
Solgig,m
Taroff,m
Thafen,m
Tradub,m
Trilon,m
Vicame,m
